dataset_id,slug,titulo,categoria,organizacion,recurso_nombre,formato,url_origen,ruta_local,bytes,http_status,sha256
90,inteligencia-artificial,Inteligencia Artificial,Gestión de Datos,"Secretaría de Innovación, Gobierno Abierto y Gestión del Territorio",1752843707771-[Lujan de Cuyo] Estrategia de Datos para Toda la Ciudad_VF08122024.docx (1).html,,https://datos.lujandecuyo.gob.ar/recursos/dataset/90/1752843707771-[Lujan de Cuyo] Estrategia de Datos para Toda la Ciudad_VF08122024.docx (1).html,datasets/90-inteligencia-artificial/archivos/[Lujan de Cuyo] Estrategia de Datos para Toda la Ciudad_VF08122024.docx (1).html,2980729,200,1b52822ff0be9dfaccfd3de55a14930e3c5ab16f2dbddf63394cfbefbab4c0a6
90,inteligencia-artificial,Inteligencia Artificial,Gestión de Datos,"Secretaría de Innovación, Gobierno Abierto y Gestión del Territorio",1752843707783-Decreto IA.pdf,,https://datos.lujandecuyo.gob.ar/recursos/dataset/90/1752843707783-Decreto IA.pdf,datasets/90-inteligencia-artificial/archivos/Decreto IA.pdf,1633016,200,1f9b4755eaeeedc8180e91bb11f6af6b8074bf83a4740ae5dd9b11dd1c9a71be
90,inteligencia-artificial,Inteligencia Artificial,Gestión de Datos,"Secretaría de Innovación, Gobierno Abierto y Gestión del Territorio",1752843707788-Protocolo_Etico_IA_Lujan_Cuyo.html,,https://datos.lujandecuyo.gob.ar/recursos/dataset/90/1752843707788-Protocolo_Etico_IA_Lujan_Cuyo.html,datasets/90-inteligencia-artificial/archivos/Protocolo_Etico_IA_Lujan_Cuyo.html,1147949,200,ff390c5617b07321475b0114dd4f4c2d1f24bee9abec4159bc2b32ba9f6a12f0
90,inteligencia-artificial,Inteligencia Artificial,Gestión de Datos,"Secretaría de Innovación, Gobierno Abierto y Gestión del Territorio",1752851613940-Gobernanza_IA.xlsx,,https://datos.lujandecuyo.gob.ar/recursos/dataset/90/1752851613940-Gobernanza_IA.xlsx,datasets/90-inteligencia-artificial/archivos/Gobernanza_IA.xlsx,9516,200,fb340fdb14cd8e8f12427819e6f9f8290c22e4a0909db4ddec780210928a375b
90,inteligencia-artificial,Inteligencia Artificial,Gestión de Datos,"Secretaría de Innovación, Gobierno Abierto y Gestión del Territorio",1752851613943-Programas IA.xlsx,,https://datos.lujandecuyo.gob.ar/recursos/dataset/90/1752851613943-Programas IA.xlsx,datasets/90-inteligencia-artificial/archivos/Programas IA.xlsx,9951,200,279bdff86a5ab85492c30dcf51211b1655a76536316f8c1667cb766cd494aeb0
90,inteligencia-artificial,Inteligencia Artificial,Gestión de Datos,"Secretaría de Innovación, Gobierno Abierto y Gestión del Territorio",1752852784116-Innovacion_Desarrollo.xlsx,,https://datos.lujandecuyo.gob.ar/recursos/dataset/90/1752852784116-Innovacion_Desarrollo.xlsx,datasets/90-inteligencia-artificial/archivos/Innovacion_Desarrollo.xlsx,9594,200,38f69750289ced09f415f6f44bea795ec6bb317bd66ff320f64170b7d602c01d
89,centro-verde-2025,Centro Verde,Medio Ambiente y Desarrollo Sustentable,Secretaría de Higiene Urbana y Mantenimiento del Espacio Público,1751399114535_VENTAS 2025.xlsx,,https://datos.lujandecuyo.gob.ar/recursos/dataset/89/1751399114535_VENTAS 2025.xlsx,datasets/89-centro-verde-2025/archivos/1751399114535_VENTAS 2025.xlsx,12203,200,911690b45b85f85f37e7b4aaaf85877bfbbe3dd812964a23f0d5838645de35a8
88,disposición-final-de-residuos,Disposición Final de Residuos,Medio Ambiente y Desarrollo Sustentable,Secretaría de Higiene Urbana y Mantenimiento del Espacio Público,Cantidad_2021-2022-2023-2024-2025.xlsx,,https://datos.lujandecuyo.gob.ar/recursos/dataset/88/Cantidad_2021-2022-2023-2024-2025.xlsx,datasets/88-disposici-n-final-de-residuos/archivos/Cantidad_2021-2022-2023-2024-2025.xlsx,19443,200,065ae7f803c7f7d99e3c086b669d0ef514d7e476d74037ec00c70f6e5b6b4823
87,comercios-por-rubro-2025,Comercios por Rubro 2025,Economía,Secretaría de Economía e Ingresos Públicos,Comercios por Rubro 2025.xlsx,,https://datos.lujandecuyo.gob.ar/recursos/dataset/87/Comercios por Rubro 2025.xlsx,datasets/87-comercios-por-rubro-2025/archivos/Comercios por Rubro 2025.xlsx,407745,200,3ac4292134885cb0da5c4ad6a21b48beea5bbbffdcee65b2581aab3320b6a116
84,gasto-pblico-2025,Gasto Público 2025,Economía,Secretaría de Economía e Ingresos Públicos,1751644042432-gastosejecucion_al_04_07_2025.xls,,https://datos.lujandecuyo.gob.ar/recursos/dataset/84/1751644042432-gastosejecucion_al_04_07_2025.xls,datasets/84-gasto-pblico-2025/archivos/gastosejecucion_al_04_07_2025.xls,23552,200,aa84c37b3e61c2831d86e13ce905b49f8a75640bf0ffb6f032f59e53f483e496
83,pauta-publicitaria-2025,Pauta publicitaria 2025,Gobierno Municipal,Dirección de Comunicación Estratégica,pauta_publicitaria-2020-2021-2022-2023-2024.xlsx,,https://datos.lujandecuyo.gob.ar/recursos/dataset/83/pauta_publicitaria-2020-2021-2022-2023-2024.xlsx,datasets/83-pauta-publicitaria-2025/archivos/pauta_publicitaria-2020-2021-2022-2023-2024.xlsx,20040,200,9f957f07c8cd8238c5390b66b5d2c30337c83eaf34d81c5f09ada3a0654e60d6
82,planilla-de-licitacin-2025,Planilla de Licitación 2025,Economía,Secretaría de Hacienda,PLANILLA_DE_LICITACION_2025.xlsx,,https://datos.lujandecuyo.gob.ar/recursos/dataset/82/PLANILLA_DE_LICITACION_2025.xlsx,datasets/82-planilla-de-licitacin-2025/archivos/PLANILLA_DE_LICITACION_2025.xlsx,98598,200,f3caf176471047421697a2090fa867920b17cfb5989a166f0cd8acc4af77cfc3
78,calidad-del-agua-2025,Calidad del Agua 2025,Medio Ambiente y Desarrollo Sustentable,Coordinación de la Unidad de Aguas y Servicios Sanitarios,calidad-del-agua_2023_2024.xlsx,,https://datos.lujandecuyo.gob.ar/recursos/dataset/78/calidad-del-agua_2023_2024.xlsx,datasets/78-calidad-del-agua-2025/archivos/calidad-del-agua_2023_2024.xlsx,72798,200,978d71bd1389919c054f313494f1582f2ce7b1ed53bf99bd99f1cbcc202a419d
79,perforaciones-2025,Perforaciones 2025,Medio Ambiente y Desarrollo Sustentable,Coordinación de la Unidad de Aguas y Servicios Sanitarios,perforaciones.xlsx,,https://datos.lujandecuyo.gob.ar/recursos/dataset/79/perforaciones.xlsx,datasets/79-perforaciones-2025/archivos/perforaciones.xlsx,53989,200,c411cb5f76b0efe99c1b1927995663d4adcb7aa3349cef5781949f98b496ae63
80,planta-cipolletti-2025,Planta Cipolletti 2025,Medio Ambiente y Desarrollo Sustentable,Coordinación de la Unidad de Aguas y Servicios Sanitarios,planta-cipolletti.xlsx,,https://datos.lujandecuyo.gob.ar/recursos/dataset/80/planta-cipolletti.xlsx,datasets/80-planta-cipolletti-2025/archivos/planta-cipolletti.xlsx,50601,200,9048330aea334efef94a5729624b075c41afd93233dbdc231387fead060e53ce
81,planta-santa-elena-2025,Planta Santa Elena 2025,Medio Ambiente y Desarrollo Sustentable,Coordinación de la Unidad de Aguas y Servicios Sanitarios,planta-santa-elena.xlsx,,https://datos.lujandecuyo.gob.ar/recursos/dataset/81/planta-santa-elena.xlsx,datasets/81-planta-santa-elena-2025/archivos/planta-santa-elena.xlsx,50654,200,ab24121295c5b32977dd1fe82d7db3381f2b73678886108dead0e0148b9fd5bc
1,organigrama-municipal,Organigrama Municipal 2020,Gobierno Municipal,Secretaria de Gobierno,dec-59-organigrama-oficial.pdf,,https://datos.lujandecuyo.gob.ar/recursos/dataset/1/dec-59-organigrama-oficial.pdf,datasets/1-organigrama-municipal/archivos/dec-59-organigrama-oficial.pdf,1337059,200,e09ea2fc156782cfbdc7bc8fcff098b52daa562a219819bcea14a70815f9f6c2
1,organigrama-municipal,Organigrama Municipal 2020,Gobierno Municipal,Secretaria de Gobierno,dec-24-organigrama-municipal.pdf,,https://datos.lujandecuyo.gob.ar/recursos/dataset/1/dec-24-organigrama-municipal.pdf,datasets/1-organigrama-municipal/archivos/dec-24-organigrama-municipal.pdf,1712662,200,93fbd285984d2e49f5d0468ee6fe0a47dae786cd45959abde83f4a9fc07787a2
3,organigrama-hdc,Organigrama HDC,Gobierno Municipal,Honorable Concejo Deliberante de Luján de Cuyo,organograma.pdf,,https://datos.lujandecuyo.gob.ar/recursos/dataset/3/organograma.pdf,datasets/3-organigrama-hdc/archivos/organograma.pdf,14476,200,e78386483ba620030a6af64853c908cde25c0f2efd0969e92787cf3748902ea6
4,ordenanzas-municipales,Ordenanzas Municipales,Gobierno Municipal,Intendencia Municipalidad de Luján de Cuyo,ordenanzas-2024_2016.xlsx,,https://datos.lujandecuyo.gob.ar/recursos/dataset/4/ordenanzas-2024_2016.xlsx,datasets/4-ordenanzas-municipales/archivos/ordenanzas-2024_2016.xlsx,26659,200,e0caec9d71bd541f0f7284999ea5771c5f53f4cc378e3fc60f589beed15507a6
4,ordenanzas-municipales,Ordenanzas Municipales,Gobierno Municipal,Intendencia Municipalidad de Luján de Cuyo,ordenanzas-2024_2016.csv,,https://datos.lujandecuyo.gob.ar/recursos/dataset/4/ordenanzas-2024_2016.csv,datasets/4-ordenanzas-municipales/archivos/ordenanzas-2024_2016.csv,53716,200,be03596cc2c50a86a76147c72ad744e1dd0202030da66ccf59c3a5b42bd3439c
4,ordenanzas-municipales,Ordenanzas Municipales,Gobierno Municipal,Intendencia Municipalidad de Luján de Cuyo,1752583891797-ORDENANZA N° 14831-2024 Tarifaria 2025 (1).pdf,,https://datos.lujandecuyo.gob.ar/recursos/dataset/4/1752583891797-ORDENANZA N° 14831-2024 Tarifaria 2025 (1).pdf,datasets/4-ordenanzas-municipales/archivos/ORDENANZA N° 14831-2024 Tarifaria 2025 (1).pdf,1842629,200,80e44e77d86e500aefc1925ae182f2d415d97a7a54ebf7888543d679f6621327
4,ordenanzas-municipales,Ordenanzas Municipales,Gobierno Municipal,Intendencia Municipalidad de Luján de Cuyo,1752679129089-ORDENANZA N° 14830-2024 Presupuesto 2025.docx,,https://datos.lujandecuyo.gob.ar/recursos/dataset/4/1752679129089-ORDENANZA N° 14830-2024 Presupuesto 2025.docx,datasets/4-ordenanzas-municipales/archivos/ORDENANZA N° 14830-2024 Presupuesto 2025.docx,937444,200,06bee1a7d7936be9b7cc356bcaac1d48fb3066c6bc724e07b18d07e96429436e
4,ordenanzas-municipales,Ordenanzas Municipales,Gobierno Municipal,Intendencia Municipalidad de Luján de Cuyo,1752855044427-Ordenanzas_Categorizadas2024.csv.xls,,https://datos.lujandecuyo.gob.ar/recursos/dataset/4/1752855044427-Ordenanzas_Categorizadas2024.csv.xls,datasets/4-ordenanzas-municipales/archivos/Ordenanzas_Categorizadas2024.csv.xls,16927,200,056ccf830b12ecedbf4b2c0bbb9d8da0601886d275c1346a25fd140bac4a4b8d
4,ordenanzas-municipales,Ordenanzas Municipales,Gobierno Municipal,Intendencia Municipalidad de Luján de Cuyo,1752855175280-Ordenanzas_2025_con_categor_a.csv.xls,,https://datos.lujandecuyo.gob.ar/recursos/dataset/4/1752855175280-Ordenanzas_2025_con_categor_a.csv.xls,datasets/4-ordenanzas-municipales/archivos/Ordenanzas_2025_con_categor_a.csv.xls,16650,200,bf1b420278a344794950a076bffe078e46cfe977e4a4ec641fc4268aea37d6ad
5,barrios-populares,Barrios Populares,Urbanismo y Territorio,Intendencia Municipalidad de Luján de Cuyo,barrios_populares_1.csv,,https://datos.lujandecuyo.gob.ar/recursos/dataset/5/barrios_populares_1.csv,datasets/5-barrios-populares/archivos/barrios_populares_1.csv,8462,200,174a19446def510d55e57b1663c31f5aba6562799677dc6a6900d50cf99c7d2b
5,barrios-populares,Barrios Populares,Urbanismo y Territorio,Intendencia Municipalidad de Luján de Cuyo,barrios_populares.zip,,https://datos.lujandecuyo.gob.ar/recursos/dataset/5/barrios_populares.zip,datasets/5-barrios-populares/archivos/barrios_populares.zip,49368,200,d13a5f09330374b6b7ba344d205a5fbbeea8d32950b56c4b4fdc11f39bba908a
6,escuelas-de-lujn-de-cuyo,Escuelas de Luján de Cuyo,"Deporte, Educación y Salud",Secretaría de Desarrollo Humano,escuelas.csv,,https://datos.lujandecuyo.gob.ar/recursos/dataset/6/escuelas.csv,datasets/6-escuelas-de-lujn-de-cuyo/archivos/escuelas.csv,14447,200,101924c880e0063ca8a36b8f21130588bca550e1b36713803665492e973a5c69
6,escuelas-de-lujn-de-cuyo,Escuelas de Luján de Cuyo,"Deporte, Educación y Salud",Secretaría de Desarrollo Humano,1752668200521-Establecimientos Educativos Luján de Cuyo_2025.xlsx,,https://datos.lujandecuyo.gob.ar/recursos/dataset/6/1752668200521-Establecimientos Educativos Luján de Cuyo_2025.xlsx,datasets/6-escuelas-de-lujn-de-cuyo/archivos/Establecimientos Educativos Luján de Cuyo_2025.xlsx,26751,200,b99f6872ca4de5eccdcfff541263750024431f7e3aedf5b4bbbd8d0719fc3426
7,presupuestaria-2023,Presupuestaria 2023,Economía,Secretaría de Economía e Ingresos Públicos,ordenanza-n-14342-2022-presupuesto-2023.docx,,https://datos.lujandecuyo.gob.ar/recursos/dataset/7/ordenanza-n-14342-2022-presupuesto-2023.docx,datasets/7-presupuestaria-2023/archivos/ordenanza-n-14342-2022-presupuesto-2023.docx,192164,200,b2ebd3884c13d93b7dbc96ef28cca1b194080096bd594b535f3ed9f55aad9572
8,limites-administrativos-de-lujn-de-cuyo,Limites Administrativos de Luján de Cuyo,Urbanismo y Territorio,Intendencia Municipalidad de Luján de Cuyo,1752679912540-Barrios.geojson,,https://datos.lujandecuyo.gob.ar/recursos/dataset/8/1752679912540-Barrios.geojson,datasets/8-limites-administrativos-de-lujn-de-cuyo/archivos/Barrios.geojson,1889549,200,ad8beb935b3b0b43b58d67b7e273ea51f17069ad958addcfae1b2703fe10e567
8,limites-administrativos-de-lujn-de-cuyo,Limites Administrativos de Luján de Cuyo,Urbanismo y Territorio,Intendencia Municipalidad de Luján de Cuyo,1754508623427-distritos.csv,,https://datos.lujandecuyo.gob.ar/recursos/dataset/8/1754508623427-distritos.csv,datasets/8-limites-administrativos-de-lujn-de-cuyo/archivos/distritos.csv,1069,200,c32a4351902a57fac29471908be3850c90731987b0471aec17e2dcc1dc0fbd34
8,limites-administrativos-de-lujn-de-cuyo,Limites Administrativos de Luján de Cuyo,Urbanismo y Territorio,Intendencia Municipalidad de Luján de Cuyo,1754508623431-distritos_1.geojson,,https://datos.lujandecuyo.gob.ar/recursos/dataset/8/1754508623431-distritos_1.geojson,datasets/8-limites-administrativos-de-lujn-de-cuyo/archivos/distritos_1.geojson,260639,200,59adebe079a37fc21299ef3a0307afd1381e8fe5214a6b6872bdb415091941cf
8,limites-administrativos-de-lujn-de-cuyo,Limites Administrativos de Luján de Cuyo,Urbanismo y Territorio,Intendencia Municipalidad de Luján de Cuyo,1754508623433-distritos.zip,,https://datos.lujandecuyo.gob.ar/recursos/dataset/8/1754508623433-distritos.zip,datasets/8-limites-administrativos-de-lujn-de-cuyo/archivos/distritos.zip,52744,200,a647fc5938665ffbf8493215277bc7bd862da6a9176f509249691c8233872dad
9,espacios-verdes,Espacios Verdes,Urbanismo y Territorio,Intendencia Municipalidad de Luján de Cuyo,espacios_verdes.csv,,https://datos.lujandecuyo.gob.ar/recursos/dataset/9/espacios_verdes.csv,datasets/9-espacios-verdes/archivos/espacios_verdes.csv,20800,200,756db4bbc5798b311ed19686680d5b0872204c43f9a8ec152631f9203d37c936
9,espacios-verdes,Espacios Verdes,Urbanismo y Territorio,Intendencia Municipalidad de Luján de Cuyo,espacios-verdes.kml,,https://datos.lujandecuyo.gob.ar/recursos/dataset/9/espacios-verdes.kml,datasets/9-espacios-verdes/archivos/espacios-verdes.kml,276212,200,28da14958fd63ba606c6a395ca3f9aa728ce5dc5247911c1c1be18e04a657fd1
9,espacios-verdes,Espacios Verdes,Urbanismo y Territorio,Intendencia Municipalidad de Luján de Cuyo,1752668783547-Espacios Públicos_2025.xlsx,,https://datos.lujandecuyo.gob.ar/recursos/dataset/9/1752668783547-Espacios Públicos_2025.xlsx,datasets/9-espacios-verdes/archivos/Espacios Públicos_2025.xlsx,23696,200,cc5b9536e765bcb6a627deffaddd029861da1491083ad92baa66eac719ccfa04
10,uniones-vecinales,Uniones Vecinales,Urbanismo y Territorio,Intendencia Municipalidad de Luján de Cuyo,uniones-vecinales.csv,,https://datos.lujandecuyo.gob.ar/recursos/dataset/10/uniones-vecinales.csv,datasets/10-uniones-vecinales/archivos/uniones-vecinales.csv,2546,200,03e7e2f279067fa4c12a1ef6442001863f8dd2983f63002744acd2417faff56f
12,alojamiento,Alojamiento,Turismo y Cultura,Dirección de Turismo,alojamiento.csv,,https://datos.lujandecuyo.gob.ar/recursos/dataset/12/alojamiento.csv,datasets/12-alojamiento/archivos/alojamiento.csv,5986,200,91ece5bee826d3874813143aaf6930db8a9714b6af51c7b5f1284f778db65cec
14,senderos-de-trekking,Senderos de Trekking,Turismo y Cultura,Dirección de Turismo,senderos_trekking.kml,,https://datos.lujandecuyo.gob.ar/recursos/dataset/14/senderos_trekking.kml,datasets/14-senderos-de-trekking/archivos/senderos_trekking.kml,122343,200,4ddb2850f58b1929aea3e55189713ecb1dcdd992aa18a5fd2a41c2f3e8e2f4d3
15,cv-honorable-consejo-deliberante-de-lujan-de-cuyo,Nómina Honorable Consejo Deliberante,Gobierno Municipal,Honorable Concejo Deliberante de Luján de Cuyo,nota-informe-de-nomina.pdf,,https://datos.lujandecuyo.gob.ar/recursos/dataset/15/nota-informe-de-nomina.pdf,datasets/15-cv-honorable-consejo-deliberante-de-lujan-de-cuyo/archivos/nota-informe-de-nomina.pdf,275637,200,a7260677fb71df52d75616bd6557975d6a9b0d3df876a30b98f11052c111d0dd
17,nomina-de-consejales,Nómina de Concejales,Gobierno Municipal,Honorable Concejo Deliberante de Luján de Cuyo,nota-informe-de-nomina.pdf,,https://datos.lujandecuyo.gob.ar/recursos/dataset/17/nota-informe-de-nomina.pdf,datasets/17-nomina-de-consejales/archivos/nota-informe-de-nomina.pdf,275617,200,ea155ce1cce9b5d72853488d73c1310e6c803a9fff0278695c17ed10b4730ccd
18,aventura,Aventura,"Deporte, Educación y Salud",Dirección de Turismo,aventura.csv,,https://datos.lujandecuyo.gob.ar/recursos/dataset/18/aventura.csv,datasets/18-aventura/archivos/aventura.csv,952,200,b61a6f3f8c980c9275cc408fbde81ab8af3a81044576480af41fbd149d2bc6dd
19,antecedentes-profesionales,Antecedentes Profesionales,Gobierno Municipal,Honorable Concejo Deliberante de Luján de Cuyo,cv-hcd.pdf,,https://datos.lujandecuyo.gob.ar/recursos/dataset/19/cv-hcd.pdf,datasets/19-antecedentes-profesionales/archivos/cv-hcd.pdf,1079247,200,f2e0dc29dbd75d0ded7f55acb4861137ca49179d95e4898a9b96dfed25faf206
20,gastronomia,Gastronomía,Turismo y Cultura,Dirección de Turismo,gastronomia.csv,,https://datos.lujandecuyo.gob.ar/recursos/dataset/20/gastronomia.csv,datasets/20-gastronomia/archivos/gastronomia.csv,10219,200,5a4217648f100f62205d88354eda0b7adf7b72aadb609845680e620be7a5b306
21,radios-censales-lujan-de-cuyo,Radios Fracciones Censales Luján de Cuyo,Urbanismo y Territorio,Secretaría de Infraestructura y Desarrollo Sostenible,fracciones-lujan-de-cuyo.kmz,,https://datos.lujandecuyo.gob.ar/recursos/dataset/21/fracciones-lujan-de-cuyo.kmz,datasets/21-radios-censales-lujan-de-cuyo/archivos/fracciones-lujan-de-cuyo.kmz,269234,200,3093cf552f60510a370b4c56468bce97f4d28066fa48b9a0b4ac88a41cb871eb
21,radios-censales-lujan-de-cuyo,Radios Fracciones Censales Luján de Cuyo,Urbanismo y Territorio,Secretaría de Infraestructura y Desarrollo Sostenible,radios-lujan-de-cuyo.kmz,,https://datos.lujandecuyo.gob.ar/recursos/dataset/21/radios-lujan-de-cuyo.kmz,datasets/21-radios-censales-lujan-de-cuyo/archivos/radios-lujan-de-cuyo.kmz,402191,200,9394a6262ff60f2ee4903ef83e4cec79269e15f324b75081a137d4eadc167812
22,residuos,Residuos,Medio Ambiente y Desarrollo Sustentable,Secretaría de Higiene Urbana y Mantenimiento del Espacio Público,relleno-sanitario-controlado-el-borbollon.xlsx,,https://datos.lujandecuyo.gob.ar/recursos/dataset/22/relleno-sanitario-controlado-el-borbollon.xlsx,datasets/22-residuos/archivos/relleno-sanitario-controlado-el-borbollon.xlsx,10840,200,955d46b1fefe78da8360e507357a3517dccfb19a9440b47ebd3b988b5466a259
22,residuos,Residuos,Medio Ambiente y Desarrollo Sustentable,Secretaría de Higiene Urbana y Mantenimiento del Espacio Público,residuos-tratados-y-recibidos-en-el-centro-verde.xlsx,,https://datos.lujandecuyo.gob.ar/recursos/dataset/22/residuos-tratados-y-recibidos-en-el-centro-verde.xlsx,datasets/22-residuos/archivos/residuos-tratados-y-recibidos-en-el-centro-verde.xlsx,8976,200,1ac81ceebe36b4ae34062087e4705310ae6430263a838023f3d3b170bfa4ea94
22,residuos,Residuos,Medio Ambiente y Desarrollo Sustentable,Secretaría de Higiene Urbana y Mantenimiento del Espacio Público,informacion-datos-residuos-reciclables_-centro-verde.pdf,,https://datos.lujandecuyo.gob.ar/recursos/dataset/22/informacion-datos-residuos-reciclables_-centro-verde.pdf,datasets/22-residuos/archivos/informacion-datos-residuos-reciclables_-centro-verde.pdf,417592,200,fa25062edc31cd3662dc27eddac43356eb1016439743f917cacac6df19d8b7c4
22,residuos,Residuos,Medio Ambiente y Desarrollo Sustentable,Secretaría de Higiene Urbana y Mantenimiento del Espacio Público,metricas-centro-verde.xlsx,,https://datos.lujandecuyo.gob.ar/recursos/dataset/22/metricas-centro-verde.xlsx,datasets/22-residuos/archivos/metricas-centro-verde.xlsx,151855,200,5cd258b62b6216b111cf02945de68351877b0e8ba80293284ae69a96834a32b6
22,residuos,Residuos,Medio Ambiente y Desarrollo Sustentable,Secretaría de Higiene Urbana y Mantenimiento del Espacio Público,cantidad-rsu-borbollon-1.xlsx,,https://datos.lujandecuyo.gob.ar/recursos/dataset/22/cantidad-rsu-borbollon-1.xlsx,datasets/22-residuos/archivos/cantidad-rsu-borbollon-1.xlsx,18140,200,57fa9f07c897fad3dbe2730e39cad2e39a95a531e05fa200bbed348420763a98
22,residuos,Residuos,Medio Ambiente y Desarrollo Sustentable,Secretaría de Higiene Urbana y Mantenimiento del Espacio Público,ano-2021-2024-desagregado.xlsx,,https://datos.lujandecuyo.gob.ar/recursos/dataset/22/ano-2021-2024-desagregado.xlsx,datasets/22-residuos/archivos/ano-2021-2024-desagregado.xlsx,46748,200,eca62a95709fc9f9d48466e6dbff3348c5042885a14a05d4ebe149eca97afb86
22,residuos,Residuos,Medio Ambiente y Desarrollo Sustentable,Secretaría de Higiene Urbana y Mantenimiento del Espacio Público,puntos-limpios.kml,,https://datos.lujandecuyo.gob.ar/recursos/dataset/22/puntos-limpios.kml,datasets/22-residuos/archivos/puntos-limpios.kml,35419,200,ad9d145970bf6ad2ae3cdf4211f886c3a941e018b02f514c103e65ca9dcf6db4
22,residuos,Residuos,Medio Ambiente y Desarrollo Sustentable,Secretaría de Higiene Urbana y Mantenimiento del Espacio Público,1752758959634-VENTAS 2025.xlsx,,https://datos.lujandecuyo.gob.ar/recursos/dataset/22/1752758959634-VENTAS 2025.xlsx,datasets/22-residuos/archivos/VENTAS 2025.xlsx,12203,200,911690b45b85f85f37e7b4aaaf85877bfbbe3dd812964a23f0d5838645de35a8
22,residuos,Residuos,Medio Ambiente y Desarrollo Sustentable,Secretaría de Higiene Urbana y Mantenimiento del Espacio Público,1752758959636-Cantidad RSU BORBOLLON (Años 2021-2022-2023-2024-2025).xlsx,,https://datos.lujandecuyo.gob.ar/recursos/dataset/22/1752758959636-Cantidad RSU BORBOLLON (Años 2021-2022-2023-2024-2025).xlsx,datasets/22-residuos/archivos/Cantidad RSU BORBOLLON (Años 2021-2022-2023-2024-2025).xlsx,19443,200,065ae7f803c7f7d99e3c086b669d0ef514d7e476d74037ec00c70f6e5b6b4823
22,residuos,Residuos,Medio Ambiente y Desarrollo Sustentable,Secretaría de Higiene Urbana y Mantenimiento del Espacio Público,1752758959639-Año 2021 al 2025  CENTRO VERDE-LUJAN DE CUYO.xlsx,,https://datos.lujandecuyo.gob.ar/recursos/dataset/22/1752758959639-Año 2021 al 2025  CENTRO VERDE-LUJAN DE CUYO.xlsx,datasets/22-residuos/archivos/Año 2021 al 2025  CENTRO VERDE-LUJAN DE CUYO.xlsx,54564,200,bde35cac26ade0ea651d14e62009b1230064422d000811fa1f06f4f9957070a2
24,comisarias-lujn-de-cuyo,Comisarias Luján de Cuyo,Seguridad,Secretario del Juzgado Vial Nro 1,comisarias.kml,,https://datos.lujandecuyo.gob.ar/recursos/dataset/24/comisarias.kml,datasets/24-comisarias-lujn-de-cuyo/archivos/comisarias.kml,4866,200,11d3f8187ab91c5c0cf1e8dba5a995c2f810f1d650352120a8d318e43b31d44c
24,comisarias-lujn-de-cuyo,Comisarias Luján de Cuyo,Seguridad,Secretario del Juzgado Vial Nro 1,1752668626659-Comisarias_2025.xlsx,,https://datos.lujandecuyo.gob.ar/recursos/dataset/24/1752668626659-Comisarias_2025.xlsx,datasets/24-comisarias-lujn-de-cuyo/archivos/Comisarias_2025.xlsx,4310,200,ee37efef581ba4e5d2f55098800e3b6c38739f855465206e026444d32d6e82f0
25,bancos,Bancos,Economía,Secretaría de Economía e Ingresos Públicos,bancos.csv,,https://datos.lujandecuyo.gob.ar/recursos/dataset/25/bancos.csv,datasets/25-bancos/archivos/bancos.csv,1086,200,bd3eae1ab9d3556d76373f28d8a56d7e4f094b180305696b16bc8d2e26a258de
26,estaciones-de-servicios,Estaciones de Servicios,Urbanismo y Territorio,Secretaría de Infraestructura y Desarrollo Sostenible,estaciones-de-servicios.csv,,https://datos.lujandecuyo.gob.ar/recursos/dataset/26/estaciones-de-servicios.csv,datasets/26-estaciones-de-servicios/archivos/estaciones-de-servicios.csv,1910,200,5d3d86a2a83f27b75b7040ab7e0a0d56edc9fedccde8d32dcc0f779b648b995c
27,farmacias,Farmacias,"Deporte, Educación y Salud",Secretaría de Desarrollo Humano,farmacias.csv,,https://datos.lujandecuyo.gob.ar/recursos/dataset/27/farmacias.csv,datasets/27-farmacias/archivos/farmacias.csv,2498,200,ff234bd8fd665a60746bd6eafc94e96ccb6d26b0f8b0f370d147769e91a966ca
28,subsecretaria-de-innovacion-y-modernizacion-municipal-antecedentes-profesionales,Subsecretaría de Innovación y Modernización Municipal. Antecedentes Profesionales,Gobierno Municipal,"Secretaría de Innovación, Gobierno Abierto y Gestión del Territorio",modernizacion.pdf,,https://datos.lujandecuyo.gob.ar/recursos/dataset/28/modernizacion.pdf,datasets/28-subsecretaria-de-innovacion-y-modernizacion-municipal-antecedentes-profesionales/archivos/modernizacion.pdf,842641,200,1432d599c68c2f93c489228a6aa1cacdcf14c05eddd7a3676c6471205d4e76df
29,manual-de-adaptacion-local-de-los-ods-2a-edicion,Manual de Adaptación Local de los ODS – 2a Edición,Medio Ambiente y Desarrollo Sustentable,Secretaría de Infraestructura y Desarrollo Sostenible,manual_municipios_version_2019.pdf,,https://datos.lujandecuyo.gob.ar/recursos/dataset/29/manual_municipios_version_2019.pdf,datasets/29-manual-de-adaptacion-local-de-los-ods-2a-edicion/archivos/manual_municipios_version_2019.pdf,1999916,200,4b501c77975d73e3e9295967d954435358ea3715175cb8d0e59908244e52af51
31,gestion-integral-de-residuos-solidos-urbanos,Gestión Integral de Residuos Sólidos Urbanos,Urbanismo y Territorio,Secretaría de Infraestructura y Desarrollo Sostenible,ordenanza-n-13884-2020-girsu-actual-1.pdf,,https://datos.lujandecuyo.gob.ar/recursos/dataset/31/ordenanza-n-13884-2020-girsu-actual-1.pdf,datasets/31-gestion-integral-de-residuos-solidos-urbanos/archivos/ordenanza-n-13884-2020-girsu-actual-1.pdf,386677,200,ab9949e042917811c4a8200489bb81c7ca0066a281199a44e179afcdedb74147
32,elecciones-departamental,Elecciones Departamental,Gobierno Municipal,Jefe de Gabinete,zona_circ_0059.xls,,https://datos.lujandecuyo.gob.ar/recursos/dataset/32/zona_circ_0059.xls,datasets/32-elecciones-departamental/archivos/zona_circ_0059.xls,7680,200,4dd526468248c773a6414111d37eff3c1953ee064ba2a7f28846bbfc9e8bbb3b
32,elecciones-departamental,Elecciones Departamental,Gobierno Municipal,Jefe de Gabinete,zona_secc_00007.xls,,https://datos.lujandecuyo.gob.ar/recursos/dataset/32/zona_secc_00007.xls,datasets/32-elecciones-departamental/archivos/zona_secc_00007.xls,7680,200,6905d050c1984670c4970e7adf75304ec85cc48b19ff02518d0c1669c610bfcd
32,elecciones-departamental,Elecciones Departamental,Gobierno Municipal,Jefe de Gabinete,zona_circ_0057.xls,,https://datos.lujandecuyo.gob.ar/recursos/dataset/32/zona_circ_0057.xls,datasets/32-elecciones-departamental/archivos/zona_circ_0057.xls,8192,200,c51850bae18db70459a48088e034a77569f47a33d45ae213b13031af4cdfcf73
32,elecciones-departamental,Elecciones Departamental,Gobierno Municipal,Jefe de Gabinete,zona_circ_0058.xls,,https://datos.lujandecuyo.gob.ar/recursos/dataset/32/zona_circ_0058.xls,datasets/32-elecciones-departamental/archivos/zona_circ_0058.xls,7680,200,892d13976f98896a79f1ed6006cdcf6b6dd6c9e7c7ef464ff02978dc71e4c861
32,elecciones-departamental,Elecciones Departamental,Gobierno Municipal,Jefe de Gabinete,zona_circ_0060.xls,,https://datos.lujandecuyo.gob.ar/recursos/dataset/32/zona_circ_0060.xls,datasets/32-elecciones-departamental/archivos/zona_circ_0060.xls,7680,200,ece09c4a5e1c0f8ea08765c74f3def636b2fddbce35e126218dbceb0638890c2
32,elecciones-departamental,Elecciones Departamental,Gobierno Municipal,Jefe de Gabinete,zona_circ_0060a.xls,,https://datos.lujandecuyo.gob.ar/recursos/dataset/32/zona_circ_0060a.xls,datasets/32-elecciones-departamental/archivos/zona_circ_0060a.xls,7680,200,02249dd111d2ef3630e15f9745f3d52cadc15d39448bfe6831dbc6b139a6ef3a
32,elecciones-departamental,Elecciones Departamental,Gobierno Municipal,Jefe de Gabinete,zona_circ_0061.xls,,https://datos.lujandecuyo.gob.ar/recursos/dataset/32/zona_circ_0061.xls,datasets/32-elecciones-departamental/archivos/zona_circ_0061.xls,7680,200,5d1ad09b7889d4cc1add40a51bbfb31e2e93fcd72016a5e11a4bd37b4359728f
32,elecciones-departamental,Elecciones Departamental,Gobierno Municipal,Jefe de Gabinete,zona_circ_0062.xls,,https://datos.lujandecuyo.gob.ar/recursos/dataset/32/zona_circ_0062.xls,datasets/32-elecciones-departamental/archivos/zona_circ_0062.xls,7680,200,d84adda3a5801e18dbe22d36095229dd39424f0c0c7bcfed3a0042aacb4e3a02
32,elecciones-departamental,Elecciones Departamental,Gobierno Municipal,Jefe de Gabinete,zona_circ_0062a.xls,,https://datos.lujandecuyo.gob.ar/recursos/dataset/32/zona_circ_0062a.xls,datasets/32-elecciones-departamental/archivos/zona_circ_0062a.xls,7680,200,d0af1ee21e99ef08138b54a2037db3f8ab61ccb4a6dcae0c17339e5a5a81d1de
32,elecciones-departamental,Elecciones Departamental,Gobierno Municipal,Jefe de Gabinete,zona_circ_0063.xls,,https://datos.lujandecuyo.gob.ar/recursos/dataset/32/zona_circ_0063.xls,datasets/32-elecciones-departamental/archivos/zona_circ_0063.xls,7680,200,079b4790cfbd338e225f3492f13beba4869700a0d8e1350e18912877f46b42ed
32,elecciones-departamental,Elecciones Departamental,Gobierno Municipal,Jefe de Gabinete,zona_circ_0064.xls,,https://datos.lujandecuyo.gob.ar/recursos/dataset/32/zona_circ_0064.xls,datasets/32-elecciones-departamental/archivos/zona_circ_0064.xls,7680,200,c037ae20643c2f26875ba7e13f9f8fce87ea8bc69898a97348dabb33e5b44779
32,elecciones-departamental,Elecciones Departamental,Gobierno Municipal,Jefe de Gabinete,zona_circ_0065.xls,,https://datos.lujandecuyo.gob.ar/recursos/dataset/32/zona_circ_0065.xls,datasets/32-elecciones-departamental/archivos/zona_circ_0065.xls,7680,200,5c177060a968cedd4ba737a877fa69190e65e2f0b75ef20e0cd8b1e29f5fe0e0
32,elecciones-departamental,Elecciones Departamental,Gobierno Municipal,Jefe de Gabinete,zona_circ_0065a.xls,,https://datos.lujandecuyo.gob.ar/recursos/dataset/32/zona_circ_0065a.xls,datasets/32-elecciones-departamental/archivos/zona_circ_0065a.xls,7680,200,2daa0749fcbac06b93b6ef12e583f80e9a427a51c53899baa7d166a4d4b7bc2a
32,elecciones-departamental,Elecciones Departamental,Gobierno Municipal,Jefe de Gabinete,resultados_pasos_2023.xlsx,,https://datos.lujandecuyo.gob.ar/recursos/dataset/32/resultados_pasos_2023.xlsx,datasets/32-elecciones-departamental/archivos/resultados_pasos_2023.xlsx,33361,200,221df266591a7d24e806c4c663063deb6e038ce13070b9318502829990ad9f0c
35,torres-solares,Torres Solares,Medio Ambiente y Desarrollo Sustentable,Secretaría de Infraestructura y Desarrollo Sostenible,,,https://datos.lujandecuyo.gob.ar/recursos/dataset/35/,,0,404,
36,delegaciones-municipales,Delegaciones Municipales,Gobierno Municipal,"Secretaría de Innovación, Gobierno Abierto y Gestión del Territorio",delegaciones.csv,,https://datos.lujandecuyo.gob.ar/recursos/dataset/36/delegaciones.csv,datasets/36-delegaciones-municipales/archivos/delegaciones.csv,1851,200,05c3ed9734c98c1e16d147be67274e29d554e2868dba8ec4d2ebc2e969337613
36,delegaciones-municipales,Delegaciones Municipales,Gobierno Municipal,"Secretaría de Innovación, Gobierno Abierto y Gestión del Territorio",1752668408750-delegaciones_2025.xlsx,,https://datos.lujandecuyo.gob.ar/recursos/dataset/36/1752668408750-delegaciones_2025.xlsx,datasets/36-delegaciones-municipales/archivos/delegaciones_2025.xlsx,11339,200,75c7cc2c99d2b47a81d065c066cbf1b11c5c2fe912ab4d8be34e15fef9d66032
37,presupuestaria-2021,Presupuestaria 2021,Economía,Secretaría de Economía e Ingresos Públicos,ordenanza-n-13863-20-presupuesto-2021.pdf,,https://datos.lujandecuyo.gob.ar/recursos/dataset/37/ordenanza-n-13863-20-presupuesto-2021.pdf,datasets/37-presupuestaria-2021/archivos/ordenanza-n-13863-20-presupuesto-2021.pdf,1332493,200,117785f227a15423c5dcc2d3c2c79e99719b90cb20b526193e720c70f41c5b5d
38,tarifaria-2021,Tarifaria 2021,Economía,Secretaría de Economía e Ingresos Públicos,ordenanza-n-13864-2020-tarifaria-2021.pdf,,https://datos.lujandecuyo.gob.ar/recursos/dataset/38/ordenanza-n-13864-2020-tarifaria-2021.pdf,datasets/38-tarifaria-2021/archivos/ordenanza-n-13864-2020-tarifaria-2021.pdf,2614915,200,860d998b5892dbe9ff0a4f5ec5cdc6dd706d93d28db69bb295851f433212fda4
42,pauta-publicitaria,Pauta Publicitaria,Economía,Dirección de Comunicación Estratégica,pauta_publicitaria-2020-2021-2022-2023.xlsx,,https://datos.lujandecuyo.gob.ar/recursos/dataset/42/pauta_publicitaria-2020-2021-2022-2023.xlsx,datasets/42-pauta-publicitaria/archivos/pauta_publicitaria-2020-2021-2022-2023.xlsx,21215,200,d6583e6099459044d4e335b13a45c6ed5be9afb65579613b1b1c99ad2c6b40b9
42,pauta-publicitaria,Pauta Publicitaria,Economía,Dirección de Comunicación Estratégica,pauta_publicitaria-2020-2021-2022.xlsx,,https://datos.lujandecuyo.gob.ar/recursos/dataset/42/pauta_publicitaria-2020-2021-2022.xlsx,datasets/42-pauta-publicitaria/archivos/pauta_publicitaria-2020-2021-2022.xlsx,20326,200,9c72c9792e72fef327b82d52e363ba5be23ced882969d0840a8866c88b8cb9d6
42,pauta-publicitaria,Pauta Publicitaria,Economía,Dirección de Comunicación Estratégica,1752497835728-pauta_publicitaria-2020-2021-2022 - 2023 - 2024.xlsx,,https://datos.lujandecuyo.gob.ar/recursos/dataset/42/1752497835728-pauta_publicitaria-2020-2021-2022 - 2023 - 2024.xlsx,datasets/42-pauta-publicitaria/archivos/pauta_publicitaria-2020-2021-2022 - 2023 - 2024.xlsx,20040,200,9f957f07c8cd8238c5390b66b5d2c30337c83eaf34d81c5f09ada3a0654e60d6
43,acuerdo-de-cooperacion,Acuerdo de cooperación,Género y Diversidad,Dirección de Género y Diversidad,acuerdo-coop_genero.pdf,,https://datos.lujandecuyo.gob.ar/recursos/dataset/43/acuerdo-coop_genero.pdf,datasets/43-acuerdo-de-cooperacion/archivos/acuerdo-coop_genero.pdf,1669786,200,78928c5853f9ab07636b28cbacdf79fe54563de36f5c3b25691204b985f0cdcd
44,calidad-del-aire,Calidad del Aire,Medio Ambiente y Desarrollo Sustentable,Secretaría de Infraestructura y Desarrollo Sostenible,metricas-snsores-ambientals.xlsx,,https://datos.lujandecuyo.gob.ar/recursos/dataset/44/metricas-snsores-ambientals.xlsx,datasets/44-calidad-del-aire/archivos/metricas-snsores-ambientals.xlsx,245000,200,93a08edaf7ca9fc61a92168d884cc89f0846b97476c5137c3d559df9a4f751cd
44,calidad-del-aire,Calidad del Aire,Medio Ambiente y Desarrollo Sustentable,Secretaría de Infraestructura y Desarrollo Sostenible,1752767174302-medicion de aire_2025.xlsx,,https://datos.lujandecuyo.gob.ar/recursos/dataset/44/1752767174302-medicion de aire_2025.xlsx,datasets/44-calidad-del-aire/archivos/medicion de aire_2025.xlsx,42757,200,ce44d30f1a3a435117437274d198ad236ecddbae6328380b116ab7bb749e8c19
45,calles-por-la-vida,Calles por la Vida,Medio Ambiente y Desarrollo Sustentable,Secretaría de Infraestructura y Desarrollo Sostenible,calles_por_la_vida.jpg,,https://datos.lujandecuyo.gob.ar/recursos/dataset/45/calles_por_la_vida.jpg,datasets/45-calles-por-la-vida/archivos/calles_por_la_vida.jpg,208210,200,c7bb22c078ca9c529e07a52243fb86601db70f63b9b428c869fb9907189b44b7
46,protocolo-de-accion,Protocolo de Acción,Género y Diversidad,Dirección de Género y Diversidad,protocolo-de-accion_genero.pdf,,https://datos.lujandecuyo.gob.ar/recursos/dataset/46/protocolo-de-accion_genero.pdf,datasets/46-protocolo-de-accion/archivos/protocolo-de-accion_genero.pdf,4104756,200,bfe1e98fa6914515ee7051eca1a2ec31996656b3194c569b21df3f5c9476d0c3
47,educacion-y-participacion,Educación y Participación,Medio Ambiente y Desarrollo Sustentable,Secretaría de Infraestructura y Desarrollo Sostenible,acuero_quilmes.jpg,,https://datos.lujandecuyo.gob.ar/recursos/dataset/47/acuero_quilmes.jpg,datasets/47-educacion-y-participacion/archivos/acuero_quilmes.jpg,373067,200,8c9c1fcaeb47d3b6b011683346c72a782c645483b8464d4aa0dcb997f5c537c9
48,calidad-del-agua,Calidad del Agua,Medio Ambiente y Desarrollo Sustentable,Coordinación de la Unidad de Aguas y Servicios Sanitarios,analisis_efluentes-2022.xlsx,,https://datos.lujandecuyo.gob.ar/recursos/dataset/48/analisis_efluentes-2022.xlsx,datasets/48-calidad-del-agua/archivos/analisis_efluentes-2022.xlsx,35006,200,2e50245e6c88d5cee73d14d5fa106dc7a1425f31e61e2ccd0de4e3c2702207b2
48,calidad-del-agua,Calidad del Agua,Medio Ambiente y Desarrollo Sustentable,Coordinación de la Unidad de Aguas y Servicios Sanitarios,analisis-de-agua-establecimiento-depurador.xlsx,,https://datos.lujandecuyo.gob.ar/recursos/dataset/48/analisis-de-agua-establecimiento-depurador.xlsx,datasets/48-calidad-del-agua/archivos/analisis-de-agua-establecimiento-depurador.xlsx,45722,200,dfe71a21ea1f14daf96928ca78e47bbfad223e99880b1498b25cb2a6e7629312
48,calidad-del-agua,Calidad del Agua,Medio Ambiente y Desarrollo Sustentable,Coordinación de la Unidad de Aguas y Servicios Sanitarios,analisis-perforaciones_1.pdf,,https://datos.lujandecuyo.gob.ar/recursos/dataset/48/analisis-perforaciones_1.pdf,datasets/48-calidad-del-agua/archivos/analisis-perforaciones_1.pdf,2614899,200,ad5f44ed4c6b6f579c61f3035ca9e5c07f726e0bcfc42ae4f51256393b6481ae
48,calidad-del-agua,Calidad del Agua,Medio Ambiente y Desarrollo Sustentable,Coordinación de la Unidad de Aguas y Servicios Sanitarios,analisis-plantas_1.pdf,,https://datos.lujandecuyo.gob.ar/recursos/dataset/48/analisis-plantas_1.pdf,datasets/48-calidad-del-agua/archivos/analisis-plantas_1.pdf,3049583,200,57473c70d3e49945ec7563379624370f091b0938803fe27c05d219aa47cc7beb
48,calidad-del-agua,Calidad del Agua,Medio Ambiente y Desarrollo Sustentable,Coordinación de la Unidad de Aguas y Servicios Sanitarios,calidad-del-agua_2023_2024.xlsx,,https://datos.lujandecuyo.gob.ar/recursos/dataset/48/calidad-del-agua_2023_2024.xlsx,datasets/48-calidad-del-agua/archivos/calidad-del-agua_2023_2024.xlsx,72798,200,978d71bd1389919c054f313494f1582f2ce7b1ed53bf99bd99f1cbcc202a419d
48,calidad-del-agua,Calidad del Agua,Medio Ambiente y Desarrollo Sustentable,Coordinación de la Unidad de Aguas y Servicios Sanitarios,1752757573348-Perforaciones 2024_Cipolletti.xlsx,,https://datos.lujandecuyo.gob.ar/recursos/dataset/48/1752757573348-Perforaciones 2024_Cipolletti.xlsx,datasets/48-calidad-del-agua/archivos/Perforaciones 2024_Cipolletti.xlsx,44507,200,d184c4acdd6dad57b1d59be078999714f2fca71976d6da30fde9966795e2b8c4
48,calidad-del-agua,Calidad del Agua,Medio Ambiente y Desarrollo Sustentable,Coordinación de la Unidad de Aguas y Servicios Sanitarios,1752757573350-Lab 2024_ Santa Elena.xlsx,,https://datos.lujandecuyo.gob.ar/recursos/dataset/48/1752757573350-Lab 2024_ Santa Elena.xlsx,datasets/48-calidad-del-agua/archivos/Lab 2024_ Santa Elena.xlsx,41663,200,916f7ded41cc86eb3dc38ce5eb49d90b494b3a2e1a6bc70945fd1b0d486e1d11
48,calidad-del-agua,Calidad del Agua,Medio Ambiente y Desarrollo Sustentable,Coordinación de la Unidad de Aguas y Servicios Sanitarios,1752757573353-Lab 2024 Cipolleti.xlsx,,https://datos.lujandecuyo.gob.ar/recursos/dataset/48/1752757573353-Lab 2024 Cipolleti.xlsx,datasets/48-calidad-del-agua/archivos/Lab 2024 Cipolleti.xlsx,41641,200,f06c73bca7181e48074d87e5f7d7a7f0d37aeb5a57dc36749609bd4f8a98ec00
48,calidad-del-agua,Calidad del Agua,Medio Ambiente y Desarrollo Sustentable,Coordinación de la Unidad de Aguas y Servicios Sanitarios,1752854054904-Perforaciones 2025_Cipolletti.xlsx,,https://datos.lujandecuyo.gob.ar/recursos/dataset/48/1752854054904-Perforaciones 2025_Cipolletti.xlsx,datasets/48-calidad-del-agua/archivos/Perforaciones 2025_Cipolletti.xlsx,44507,200,3a02d17c50249efa46bfd13457f55d81bebd5ef0fc12d3b3102ec856f54ffa65
48,calidad-del-agua,Calidad del Agua,Medio Ambiente y Desarrollo Sustentable,Coordinación de la Unidad de Aguas y Servicios Sanitarios,1752854054906-Lab 2025_ Santa Elena.xlsx,,https://datos.lujandecuyo.gob.ar/recursos/dataset/48/1752854054906-Lab 2025_ Santa Elena.xlsx,datasets/48-calidad-del-agua/archivos/Lab 2025_ Santa Elena.xlsx,41663,200,90f3a717b14de3546b65d20088849cb66a4b7033bbdb0442421053914da033ac
48,calidad-del-agua,Calidad del Agua,Medio Ambiente y Desarrollo Sustentable,Coordinación de la Unidad de Aguas y Servicios Sanitarios,1752854054909-Lab 2025 Cipolleti.xlsx,,https://datos.lujandecuyo.gob.ar/recursos/dataset/48/1752854054909-Lab 2025 Cipolleti.xlsx,datasets/48-calidad-del-agua/archivos/Lab 2025 Cipolleti.xlsx,41641,200,50df71f297035f17dad719d71af330eb8705e23ece539159f47e26e5f51bdd42
49,voto-electoral,Voto electoral,Gobierno Municipal,Jefe de Gabinete,senadores_provinciales.xlsx,,https://datos.lujandecuyo.gob.ar/recursos/dataset/49/senadores_provinciales.xlsx,datasets/49-voto-electoral/archivos/senadores_provinciales.xlsx,39535,200,2d628bd67b39018ab75d17d06e0143bf47807a0bf0d423869401f85cb93b50cd
49,voto-electoral,Voto electoral,Gobierno Municipal,Jefe de Gabinete,consejales.xlsx,,https://datos.lujandecuyo.gob.ar/recursos/dataset/49/consejales.xlsx,datasets/49-voto-electoral/archivos/consejales.xlsx,44751,200,dd6842f4dbb603870930118b9517511b71c2482f3f0471cecef04b2fce74dec3
49,voto-electoral,Voto electoral,Gobierno Municipal,Jefe de Gabinete,diputados_nacionales.xlsx,,https://datos.lujandecuyo.gob.ar/recursos/dataset/49/diputados_nacionales.xlsx,datasets/49-voto-electoral/archivos/diputados_nacionales.xlsx,35448,200,7b3a091346de31a1fa3a64c55b0aa5a6b1221223282c420c7151077337a1fa12
49,voto-electoral,Voto electoral,Gobierno Municipal,Jefe de Gabinete,diputados_provinciales.xlsx,,https://datos.lujandecuyo.gob.ar/recursos/dataset/49/diputados_provinciales.xlsx,datasets/49-voto-electoral/archivos/diputados_provinciales.xlsx,39575,200,68dd989f6b22355d14e1e460ce1b3abfb8e7d4823c38265ee206faaaf0a09f6c
49,voto-electoral,Voto electoral,Gobierno Municipal,Jefe de Gabinete,senadores_nacionales.xlsx,,https://datos.lujandecuyo.gob.ar/recursos/dataset/49/senadores_nacionales.xlsx,datasets/49-voto-electoral/archivos/senadores_nacionales.xlsx,36817,200,7d4a80e958286ead3a808ff4fad538c1a3f709886ccc9305038d7fa391b784e5
49,voto-electoral,Voto electoral,Gobierno Municipal,Jefe de Gabinete,resultados_pasos_2023.xlsx,,https://datos.lujandecuyo.gob.ar/recursos/dataset/49/resultados_pasos_2023.xlsx,datasets/49-voto-electoral/archivos/resultados_pasos_2023.xlsx,33361,200,221df266591a7d24e806c4c663063deb6e038ce13070b9318502829990ad9f0c
51,seguridad-vial,Seguridad Vial,Movilidad,Secretaria de Gobierno,,,https://datos.lujandecuyo.gob.ar/recursos/dataset/51/,,0,404,
52,tarifaria-2023,Tarifaria 2023,Economía,Secretaria de Gobierno,ordenanza-n-14341-2022-tarifaria-2023-1.xlsx,,https://datos.lujandecuyo.gob.ar/recursos/dataset/52/ordenanza-n-14341-2022-tarifaria-2023-1.xlsx,datasets/52-tarifaria-2023/archivos/ordenanza-n-14341-2022-tarifaria-2023-1.xlsx,132252,200,74c98580be857647899f2e7115fc1dc05ee08ebe57cc35c93edb47012c0d4c35
52,tarifaria-2023,Tarifaria 2023,Economía,Secretaria de Gobierno,ordenanza-n-14341-2022-tarifaria-2023.pdf,,https://datos.lujandecuyo.gob.ar/recursos/dataset/52/ordenanza-n-14341-2022-tarifaria-2023.pdf,datasets/52-tarifaria-2023/archivos/ordenanza-n-14341-2022-tarifaria-2023.pdf,2205999,200,221616c209d87a12e87d2950114b2d59eddfbad6626be51fe84f908d687c0747
52,tarifaria-2023,Tarifaria 2023,Economía,Secretaria de Gobierno,ordenanza-n-14341-2022-tarifaria-2023.docx,,https://datos.lujandecuyo.gob.ar/recursos/dataset/52/ordenanza-n-14341-2022-tarifaria-2023.docx,datasets/52-tarifaria-2023/archivos/ordenanza-n-14341-2022-tarifaria-2023.docx,398973,200,392afabd6505761c8677edef334028ddfd17f8a2d6677aa997b942b2db822209
53,barrios-del-departamento-de-lujan-de-cuyo,Barrios del Departamento de Luján de Cuyo,Urbanismo y Territorio,Dirección de Ordenamiento Territorial,barrios.xlsx,,https://datos.lujandecuyo.gob.ar/recursos/dataset/53/barrios.xlsx,datasets/53-barrios-del-departamento-de-lujan-de-cuyo/archivos/barrios.xlsx,84191,200,ddb432d9d3d7aada7443c8f9fe3eb984423b8969a0847d17c1da7e6adad17176
53,barrios-del-departamento-de-lujan-de-cuyo,Barrios del Departamento de Luján de Cuyo,Urbanismo y Territorio,Dirección de Ordenamiento Territorial,barrios-2023.kml,,https://datos.lujandecuyo.gob.ar/recursos/dataset/53/barrios-2023.kml,datasets/53-barrios-del-departamento-de-lujan-de-cuyo/archivos/barrios-2023.kml,6043916,200,8afb46accabf564e4388c52ba509019e3e70a2f14b0be2c0ee4f4bc725c9b2d1
54,transporte-pblico,Transporte Público,Urbanismo y Territorio,"Secretaría de Innovación, Gobierno Abierto y Gestión del Territorio",red_lujan.kml,,https://datos.lujandecuyo.gob.ar/recursos/dataset/54/red_lujan.kml,datasets/54-transporte-pblico/archivos/red_lujan.kml,3623223,200,2e99fdc6acbb9749314c999f546dadc2cc9fae8f0ed65441deecc8d4de61189d
54,transporte-pblico,Transporte Público,Urbanismo y Territorio,"Secretaría de Innovación, Gobierno Abierto y Gestión del Territorio",1752583531819-red_transporte_urbano_lujan_de_cuyo.xls,,https://datos.lujandecuyo.gob.ar/recursos/dataset/54/1752583531819-red_transporte_urbano_lujan_de_cuyo.xls,datasets/54-transporte-pblico/archivos/red_transporte_urbano_lujan_de_cuyo.xls,139264,200,81b94d54f7dd345af2ff85020c55d8061dc2926fc31cd096eeca1a509315390b
55,funcionarios-pblicos-municipal,Funcionarios Públicos Municipal,Gobierno Municipal,Secretaría de Economía e Ingresos Públicos,fuera-escala-mayo.xlsx,,https://datos.lujandecuyo.gob.ar/recursos/dataset/55/fuera-escala-mayo.xlsx,datasets/55-funcionarios-pblicos-municipal/archivos/fuera-escala-mayo.xlsx,19412,200,916a44377e682e249cf2843cf508b6c2fa3546952fe0a14abdcd513062bdef35
55,funcionarios-pblicos-municipal,Funcionarios Públicos Municipal,Gobierno Municipal,Secretaría de Economía e Ingresos Públicos,fuera-escala-mayo-24.xlsx,,https://datos.lujandecuyo.gob.ar/recursos/dataset/55/fuera-escala-mayo-24.xlsx,datasets/55-funcionarios-pblicos-municipal/archivos/fuera-escala-mayo-24.xlsx,19852,200,0787a246b1a9b30996156d9784a23e7b6e36c59f7f3e0c773dde45b3203d29bc
55,funcionarios-pblicos-municipal,Funcionarios Públicos Municipal,Gobierno Municipal,Secretaría de Economía e Ingresos Públicos,ddjj_funcionarios_etica_publica_mdz_2024.xlsx,,https://datos.lujandecuyo.gob.ar/recursos/dataset/55/ddjj_funcionarios_etica_publica_mdz_2024.xlsx,datasets/55-funcionarios-pblicos-municipal/archivos/ddjj_funcionarios_etica_publica_mdz_2024.xlsx,12897,200,d03608273eab3881c01ee6725fb56918acf6e133e35c79dbdd222e5b2ae7bdb5
55,funcionarios-pblicos-municipal,Funcionarios Públicos Municipal,Gobierno Municipal,Secretaría de Economía e Ingresos Públicos,ddjj-funcionarios-fuente-etica-publica-mdza-2023.xlsx,,https://datos.lujandecuyo.gob.ar/recursos/dataset/55/ddjj-funcionarios-fuente-etica-publica-mdza-2023.xlsx,datasets/55-funcionarios-pblicos-municipal/archivos/ddjj-funcionarios-fuente-etica-publica-mdza-2023.xlsx,13221,200,dd31a067228190b8601ac20831a647b78f544494020cbe9480dbd128352a3e85
55,funcionarios-pblicos-municipal,Funcionarios Públicos Municipal,Gobierno Municipal,Secretaría de Economía e Ingresos Públicos,1752848493795-Nómina Funcionarios Ejecutivo_2025.xlsx,,https://datos.lujandecuyo.gob.ar/recursos/dataset/55/1752848493795-Nómina Funcionarios Ejecutivo_2025.xlsx,datasets/55-funcionarios-pblicos-municipal/archivos/Nómina Funcionarios Ejecutivo_2025.xlsx,55116,200,3afcfb6e1541322fbef9b9ad1ab7e9fea81491931f76aab1e659a2282125d601
55,funcionarios-pblicos-municipal,Funcionarios Públicos Municipal,Gobierno Municipal,Secretaría de Economía e Ingresos Públicos,1752848493798-Nómina HCD_2025.xlsx,,https://datos.lujandecuyo.gob.ar/recursos/dataset/55/1752848493798-Nómina HCD_2025.xlsx,datasets/55-funcionarios-pblicos-municipal/archivos/Nómina HCD_2025.xlsx,52044,200,d0c3340c9943bc8a6eab6da58ccc8d9cfbef2cec76ec0335933e8338caaeb25c
55,funcionarios-pblicos-municipal,Funcionarios Públicos Municipal,Gobierno Municipal,Secretaría de Economía e Ingresos Públicos,1752848493800-Salarios Medios_2025.xlsx,,https://datos.lujandecuyo.gob.ar/recursos/dataset/55/1752848493800-Salarios Medios_2025.xlsx,datasets/55-funcionarios-pblicos-municipal/archivos/Salarios Medios_2025.xlsx,9160,200,70c05a3bb7e0daac049bca8e6fd18294ae02373c6b1137fd20fb9f4f9b60ffff
55,funcionarios-pblicos-municipal,Funcionarios Públicos Municipal,Gobierno Municipal,Secretaría de Economía e Ingresos Públicos,1752848514779-Nómina Funcionarios Ejecutivo_2025.xlsx,,https://datos.lujandecuyo.gob.ar/recursos/dataset/55/1752848514779-Nómina Funcionarios Ejecutivo_2025.xlsx,datasets/55-funcionarios-pblicos-municipal/archivos/Nómina Funcionarios Ejecutivo_2025__2.xlsx,55116,200,3afcfb6e1541322fbef9b9ad1ab7e9fea81491931f76aab1e659a2282125d601
55,funcionarios-pblicos-municipal,Funcionarios Públicos Municipal,Gobierno Municipal,Secretaría de Economía e Ingresos Públicos,1752848514782-Nómina HCD_2025.xlsx,,https://datos.lujandecuyo.gob.ar/recursos/dataset/55/1752848514782-Nómina HCD_2025.xlsx,datasets/55-funcionarios-pblicos-municipal/archivos/Nómina HCD_2025__2.xlsx,52044,200,d0c3340c9943bc8a6eab6da58ccc8d9cfbef2cec76ec0335933e8338caaeb25c
55,funcionarios-pblicos-municipal,Funcionarios Públicos Municipal,Gobierno Municipal,Secretaría de Economía e Ingresos Públicos,1752848514784-Salarios Medios_2025.xlsx,,https://datos.lujandecuyo.gob.ar/recursos/dataset/55/1752848514784-Salarios Medios_2025.xlsx,datasets/55-funcionarios-pblicos-municipal/archivos/Salarios Medios_2025__2.xlsx,9160,200,70c05a3bb7e0daac049bca8e6fd18294ae02373c6b1137fd20fb9f4f9b60ffff
56,gasto-pblico-municipal,Gasto Público Municipal,Economía,Secretaría de Hacienda,ejecucion_2021.pdf,,https://datos.lujandecuyo.gob.ar/recursos/dataset/56/ejecucion_2021.pdf,datasets/56-gasto-pblico-municipal/archivos/ejecucion_2021.pdf,184373,200,a521331d955314b1844f47e45f8c0bfda0c1f3df5e104feb0e51841d8177fb8a
56,gasto-pblico-municipal,Gasto Público Municipal,Economía,Secretaría de Hacienda,ejecucion_2021.xlsx,,https://datos.lujandecuyo.gob.ar/recursos/dataset/56/ejecucion_2021.xlsx,datasets/56-gasto-pblico-municipal/archivos/ejecucion_2021.xlsx,17531,200,ca45167cd84688a694e7aecce93aac045ca62909d81a00f9de20bb0b85b8fe44
56,gasto-pblico-municipal,Gasto Público Municipal,Economía,Secretaría de Hacienda,gastosejecucion_2023.xls,,https://datos.lujandecuyo.gob.ar/recursos/dataset/56/gastosejecucion_2023.xls,datasets/56-gasto-pblico-municipal/archivos/gastosejecucion_2023.xls,24064,200,c41b87beb2128c6dfb29c86f9ba7bf7a837fa5a2b389859cbf995d2a87a903a4
56,gasto-pblico-municipal,Gasto Público Municipal,Economía,Secretaría de Hacienda,gastosejecucion2022.xls,,https://datos.lujandecuyo.gob.ar/recursos/dataset/56/gastosejecucion2022.xls,datasets/56-gasto-pblico-municipal/archivos/gastosejecucion2022.xls,65536,200,597d4a3d3c1b93f96e090e76738c451a301ed05761dc36a01883cb7d8528b2fc
56,gasto-pblico-municipal,Gasto Público Municipal,Economía,Secretaría de Hacienda,1752667152288-gastosejecucion_al_04_07_2025.xlsx,,https://datos.lujandecuyo.gob.ar/recursos/dataset/56/1752667152288-gastosejecucion_al_04_07_2025.xlsx,datasets/56-gasto-pblico-municipal/archivos/gastosejecucion_al_04_07_2025.xlsx,29927,200,ec80903a84fe40462e02694722dda6402e1f2b41bebb881be91b32e584e6625a
57,informacin-pblica,Información Pública,Gobierno Municipal,"Secretaría de Innovación, Gobierno Abierto y Gestión del Territorio",garantes-hcd.xlsx,,https://datos.lujandecuyo.gob.ar/recursos/dataset/57/garantes-hcd.xlsx,datasets/57-informacin-pblica/archivos/garantes-hcd.xlsx,6260,200,e295a8c60c7a6e4d3c4ce525f3997f92d530599735593e7e266b395a64984fda
57,informacin-pblica,Información Pública,Gobierno Municipal,"Secretaría de Innovación, Gobierno Abierto y Gestión del Territorio",apdfreporteticket.xlsx,,https://datos.lujandecuyo.gob.ar/recursos/dataset/57/apdfreporteticket.xlsx,datasets/57-informacin-pblica/archivos/apdfreporteticket.xlsx,59137,200,8a789a85e143d61050b1fca9247a2806f3707aab30fda1390db8961d138a4d7c
57,informacin-pblica,Información Pública,Gobierno Municipal,"Secretaría de Innovación, Gobierno Abierto y Gestión del Territorio",exportwwticket-2856.xls,,https://datos.lujandecuyo.gob.ar/recursos/dataset/57/exportwwticket-2856.xls,datasets/57-informacin-pblica/archivos/exportwwticket-2856.xls,77312,200,8e487f577122d09d364dcf31c791ac6c8e47e7ec5227e95d35f68924fa807863
57,informacin-pblica,Información Pública,Gobierno Municipal,"Secretaría de Innovación, Gobierno Abierto y Gestión del Territorio",pedidos-de-informacion-publica-2024-.xlsx,,https://datos.lujandecuyo.gob.ar/recursos/dataset/57/pedidos-de-informacion-publica-2024-.xlsx,datasets/57-informacin-pblica/archivos/pedidos-de-informacion-publica-2024-.xlsx,24890,200,04aecdf2f23f919d817fb6e0b4e0f652fa05fdd99cb7cfcb3625070792fb78f9
57,informacin-pblica,Información Pública,Gobierno Municipal,"Secretaría de Innovación, Gobierno Abierto y Gestión del Territorio",1752590003365-Pedidos de acceso a la Informació Pública_2025.xlsx,,https://datos.lujandecuyo.gob.ar/recursos/dataset/57/1752590003365-Pedidos de acceso a la Informació Pública_2025.xlsx,datasets/57-informacin-pblica/archivos/Pedidos de acceso a la Informació Pública_2025.xlsx,53064,200,6b563569ff2adfb71c9d31034eeb7aded78edf2333203dbbca15ebb9be3cac6d
58,presupuesto-de-gobierno,Presupuesto de Gobierno,Economía,Secretaría de Hacienda,ordenanza-n-14342-2022-presupuesto-2023.xlsx,,https://datos.lujandecuyo.gob.ar/recursos/dataset/58/ordenanza-n-14342-2022-presupuesto-2023.xlsx,datasets/58-presupuesto-de-gobierno/archivos/ordenanza-n-14342-2022-presupuesto-2023.xlsx,62314,200,af11547ab092e85d2534f41bff21fcb7ff586bbecfa423b59483e23a26b6c1eb
58,presupuesto-de-gobierno,Presupuesto de Gobierno,Economía,Secretaría de Hacienda,gastosejecucion_2023.xls,,https://datos.lujandecuyo.gob.ar/recursos/dataset/58/gastosejecucion_2023.xls,datasets/58-presupuesto-de-gobierno/archivos/gastosejecucion_2023.xls,24064,200,8d192daddd015f1a29c38c67bd1891c4ee0307da99d9d5cae5ba6ddd7121a052
58,presupuesto-de-gobierno,Presupuesto de Gobierno,Economía,Secretaría de Hacienda,gastosejecucion_2024-1.xlsx,,https://datos.lujandecuyo.gob.ar/recursos/dataset/58/gastosejecucion_2024-1.xlsx,datasets/58-presupuesto-de-gobierno/archivos/gastosejecucion_2024-1.xlsx,12014,200,c8d06443bb2b372fbb23b762a1e2ec4e353f5ac723fb981883790e4a4ac84f4e
58,presupuesto-de-gobierno,Presupuesto de Gobierno,Economía,Secretaría de Hacienda,recursosevolucion_al_30_06_2023.xls,,https://datos.lujandecuyo.gob.ar/recursos/dataset/58/recursosevolucion_al_30_06_2023.xls,datasets/58-presupuesto-de-gobierno/archivos/recursosevolucion_al_30_06_2023.xls,27648,200,4ec1e52eef377b948eaa5b9b378ab19c8cfe5993342686ecde938bf4bc3cca38
58,presupuesto-de-gobierno,Presupuesto de Gobierno,Economía,Secretaría de Hacienda,evolucion_mensual_recursos.xlsx,,https://datos.lujandecuyo.gob.ar/recursos/dataset/58/evolucion_mensual_recursos.xlsx,datasets/58-presupuesto-de-gobierno/archivos/evolucion_mensual_recursos.xlsx,130120,200,72254e23924f75f1c5c3658ca5ba87936a356a1a1680f1bc821f8a911740691a
58,presupuesto-de-gobierno,Presupuesto de Gobierno,Economía,Secretaría de Hacienda,"1752679204437-Presupuesto de Ejecutado, devengado de Gastos 2025.xlsx",,"https://datos.lujandecuyo.gob.ar/recursos/dataset/58/1752679204437-Presupuesto de Ejecutado, devengado de Gastos 2025.xlsx","datasets/58-presupuesto-de-gobierno/archivos/Presupuesto de Ejecutado, devengado de Gastos 2025.xlsx",13885,200,c43f3bccfa2cf27020f607b780f583951efcfef5aaeda6303774884723822994
58,presupuesto-de-gobierno,Presupuesto de Gobierno,Economía,Secretaría de Hacienda,"1752679204440-Presupuesto Ejecutado, devengado por Recurso Detalle mensual 2025.xlsx",,"https://datos.lujandecuyo.gob.ar/recursos/dataset/58/1752679204440-Presupuesto Ejecutado, devengado por Recurso Detalle mensual 2025.xlsx","datasets/58-presupuesto-de-gobierno/archivos/Presupuesto Ejecutado, devengado por Recurso Detalle mensual 2025.xlsx",143452,200,ad8dc1703c8b33a04aaa7d44cf5931f792f4e0d427f6ad1ae29b0866c2fa46b5
59,resultado-electorales,Resultado Electorales,Gobierno Municipal,Jefe de Gabinete,senador-provincial.pdf,,https://datos.lujandecuyo.gob.ar/recursos/dataset/59/senador-provincial.pdf,datasets/59-resultado-electorales/archivos/senador-provincial.pdf,2181672,200,ea83bd20722dd461cf835c4b6e389b4adec403a58ed9655eeaf14ac7a8815be3
59,resultado-electorales,Resultado Electorales,Gobierno Municipal,Jefe de Gabinete,gobernador_ldc.pdf,,https://datos.lujandecuyo.gob.ar/recursos/dataset/59/gobernador_ldc.pdf,datasets/59-resultado-electorales/archivos/gobernador_ldc.pdf,2763669,200,ed72b280330f447a0d1cc9420ee52ea7cfe31a7947dd29f39646a6abdbcb60e0
59,resultado-electorales,Resultado Electorales,Gobierno Municipal,Jefe de Gabinete,intendente.pdf,,https://datos.lujandecuyo.gob.ar/recursos/dataset/59/intendente.pdf,datasets/59-resultado-electorales/archivos/intendente.pdf,2072550,200,1eddb7a1b8a6d631936968b157464771cb447c66a77f58a4669c2495b46b5c31
59,resultado-electorales,Resultado Electorales,Gobierno Municipal,Jefe de Gabinete,diputado-provincial.pdf,,https://datos.lujandecuyo.gob.ar/recursos/dataset/59/diputado-provincial.pdf,datasets/59-resultado-electorales/archivos/diputado-provincial.pdf,2188948,200,a3f6253ce7b88423e9b7f64399a0b84b9c407f7b18ae359c4c154ff12337ef04
59,resultado-electorales,Resultado Electorales,Gobierno Municipal,Jefe de Gabinete,escrutinio-definitivo-24-09-07-lujan-de-cuyo.pdf,,https://datos.lujandecuyo.gob.ar/recursos/dataset/59/escrutinio-definitivo-24-09-07-lujan-de-cuyo.pdf,datasets/59-resultado-electorales/archivos/escrutinio-definitivo-24-09-07-lujan-de-cuyo.pdf,2380839,200,50c6b9c6ef8d054ff28477cac0706aa2b8a22f73b9ef824178eedd78f442cf9f
59,resultado-electorales,Resultado Electorales,Gobierno Municipal,Jefe de Gabinete,consejal.pdf,,https://datos.lujandecuyo.gob.ar/recursos/dataset/59/consejal.pdf,datasets/59-resultado-electorales/archivos/consejal.pdf,2075596,200,0e760f8c02e845fc19c450c21ba31f4ad98b951f7f1939955ee5dd2290707344
59,resultado-electorales,Resultado Electorales,Gobierno Municipal,Jefe de Gabinete,resultados_pasos_2023.xlsx,,https://datos.lujandecuyo.gob.ar/recursos/dataset/59/resultados_pasos_2023.xlsx,datasets/59-resultado-electorales/archivos/resultados_pasos_2023.xlsx,33361,200,221df266591a7d24e806c4c663063deb6e038ce13070b9318502829990ad9f0c
59,resultado-electorales,Resultado Electorales,Gobierno Municipal,Jefe de Gabinete,escrutinio-definitivo-24-09-07-lujan-de-cuyo_1.xlsx,,https://datos.lujandecuyo.gob.ar/recursos/dataset/59/escrutinio-definitivo-24-09-07-lujan-de-cuyo_1.xlsx,datasets/59-resultado-electorales/archivos/escrutinio-definitivo-24-09-07-lujan-de-cuyo_1.xlsx,15547,200,0932e7d78bedffe2c2ec0b8f1936bb713bbdbeb72db6d00a9af99aa2ae4ebe20
60,declaraciones-juradas,Declaraciones Juradas,Gobierno Municipal,Intendencia Municipalidad de Luján de Cuyo,1752492660076-DDJJ 2025.xlsx,,https://datos.lujandecuyo.gob.ar/recursos/dataset/60/1752492660076-DDJJ 2025.xlsx,datasets/60-declaraciones-juradas/archivos/DDJJ 2025.xlsx,14830,200,ffdef098faf5feceb69c3df7061ec538488ee0b27128c08d2d5f21bc3ef4c356
60,declaraciones-juradas,Declaraciones Juradas,Gobierno Municipal,Intendencia Municipalidad de Luján de Cuyo,1752495202403-Declaraciones juradas_ HCD_2025.xlsx,,https://datos.lujandecuyo.gob.ar/recursos/dataset/60/1752495202403-Declaraciones juradas_ HCD_2025.xlsx,datasets/60-declaraciones-juradas/archivos/Declaraciones juradas_ HCD_2025.xlsx,10914,200,2a81c13ed3860836f0844cda46ccaea0d94bae25f1d0d28248007e2e52c2d5a4
61,tarifaria,Tarifaria,Economía,Secretaría de Economía e Ingresos Públicos,tarifaria_14526_2023.pdf,,https://datos.lujandecuyo.gob.ar/recursos/dataset/61/tarifaria_14526_2023.pdf,datasets/61-tarifaria/archivos/tarifaria_14526_2023.pdf,2183831,200,c2ba873b89dc3ec5fee1dcbd6c84920983bc4cb387e584b21e927085236a8e8a
62,inventario_de_datos,Inventario de Datos,Gestión de Datos,"Secretaría de Innovación, Gobierno Abierto y Gestión del Territorio",inventario_datos_ultimo.xlsx,,https://datos.lujandecuyo.gob.ar/recursos/dataset/62/inventario_datos_ultimo.xlsx,datasets/62-inventario_de_datos/archivos/inventario_datos_ultimo.xlsx,37886,200,1d17932b361943e998fe0fea3457c970119c7cbda71bc8b29c9b866ac38bda0e
64,unidades-comerciales,Unidades Comerciales,Economía,Secretaría de Hacienda,rubros.xls,,https://datos.lujandecuyo.gob.ar/recursos/dataset/64/rubros.xls,datasets/64-unidades-comerciales/archivos/rubros.xls,513024,200,2f4e7f58044c4f69d5e1030ad0c8c31eaf8be58b6a666a71d9a9c6d1e6d6dc92
64,unidades-comerciales,Unidades Comerciales,Economía,Secretaría de Hacienda,comercios_rubro_2023_1.xlsx,,https://datos.lujandecuyo.gob.ar/recursos/dataset/64/comercios_rubro_2023_1.xlsx,datasets/64-unidades-comerciales/archivos/comercios_rubro_2023_1.xlsx,44158,200,e0658cfa4f834084770202bd901cd924ab833f2131bf20c21a6548a6f15e62e3
64,unidades-comerciales,Unidades Comerciales,Economía,Secretaría de Hacienda,comercio_rubro_29072024.xlsx,,https://datos.lujandecuyo.gob.ar/recursos/dataset/64/comercio_rubro_29072024.xlsx,datasets/64-unidades-comerciales/archivos/comercio_rubro_29072024.xlsx,428511,200,d73c42844e64df6875564eb6822aa72226bbe2bb67f58042cc037839f8880f3b
64,unidades-comerciales,Unidades Comerciales,Economía,Secretaría de Hacienda,comercio_rubro_29072024.csv,,https://datos.lujandecuyo.gob.ar/recursos/dataset/64/comercio_rubro_29072024.csv,datasets/64-unidades-comerciales/archivos/comercio_rubro_29072024.csv,749756,200,29a4face762b58078251549254857ad978607d879761853f6a035a84ea7055c2
64,unidades-comerciales,Unidades Comerciales,Economía,Secretaría de Hacienda,comercios-2023.csv,,https://datos.lujandecuyo.gob.ar/recursos/dataset/64/comercios-2023.csv,datasets/64-unidades-comerciales/archivos/comercios-2023.csv,548499,200,ba55307a16a7a97815354049e9ad46e38fcd5c489449ecc3dc4736f52db59e78
64,unidades-comerciales,Unidades Comerciales,Economía,Secretaría de Hacienda,1752672085272-Comercios por Rubro 2025.xlsx,,https://datos.lujandecuyo.gob.ar/recursos/dataset/64/1752672085272-Comercios por Rubro 2025.xlsx,datasets/64-unidades-comerciales/archivos/Comercios por Rubro 2025.xlsx,407745,200,3ac4292134885cb0da5c4ad6a21b48beea5bbbffdcee65b2581aab3320b6a116
65,presupuestaria-2022,Presupuestaria 2022,Economía,Secretaría de Economía e Ingresos Públicos,ordenanza-n-14103-2021-presupuesto-2022.pdf,,https://datos.lujandecuyo.gob.ar/recursos/dataset/65/ordenanza-n-14103-2021-presupuesto-2022.pdf,datasets/65-presupuestaria-2022/archivos/ordenanza-n-14103-2021-presupuesto-2022.pdf,709459,200,77108d6e0dd426b8cd6c136f3f7c96ddce3a664b4e4b5dcf305aab917c3330c4
67,informe-covid-municipal,Informe Covid Municipal,"Deporte, Educación y Salud",Subsecretaría de Gestión del Talento Humano,informe-covid-2022.xlsx,,https://datos.lujandecuyo.gob.ar/recursos/dataset/67/informe-covid-2022.xlsx,datasets/67-informe-covid-municipal/archivos/informe-covid-2022.xlsx,15166,200,d515e6223501d6fa9bdba0b8ba15824ad5204ccb5c3b614708316b008c39ba76
68,presupuestaria-2024,Presupuestaria,Economía,Secretaría de Economía e Ingresos Públicos,presupuesto_ord-14525_23.pdf,,https://datos.lujandecuyo.gob.ar/recursos/dataset/68/presupuesto_ord-14525_23.pdf,datasets/68-presupuestaria-2024/archivos/presupuesto_ord-14525_23.pdf,252251,200,dde64a3978576165876315dd02d190ba5a61822e82625551ad2256e20dd39ad5
69,ordenanza-tarifaria-2022,Ordenanza Tarifaria 2022,Gobierno Municipal,Secretaria de Gobierno,ordenanza-n-14102-2021-tarifaria-2022.pdf,,https://datos.lujandecuyo.gob.ar/recursos/dataset/69/ordenanza-n-14102-2021-tarifaria-2022.pdf,datasets/69-ordenanza-tarifaria-2022/archivos/ordenanza-n-14102-2021-tarifaria-2022.pdf,2907603,200,215ab43f64a3ae7458ad1679e876a9bb9d5b5a7394a0bf14b173e4bfaaa60379
70,compras-y-contrataciones,Compras y Contrataciones,Gobierno Municipal,Secretaría de Hacienda,ldc_anual.xlsx,,https://datos.lujandecuyo.gob.ar/recursos/dataset/70/ldc_anual.xlsx,datasets/70-compras-y-contrataciones/archivos/ldc_anual.xlsx,57045,200,bcda2730aff3883965e5e8b26f936c24b2490888ddd90bbea7d39abb8dde663e
70,compras-y-contrataciones,Compras y Contrataciones,Gobierno Municipal,Secretaría de Hacienda,award_muni.csv,,https://datos.lujandecuyo.gob.ar/recursos/dataset/70/award_muni.csv,datasets/70-compras-y-contrataciones/archivos/award_muni.csv,1023364,200,357c2ef5c9b67aba952c8b4e8af6277e03f4fd6e388192c346ce8aad74ee1cfe
70,compras-y-contrataciones,Compras y Contrataciones,Gobierno Municipal,Secretaría de Hacienda,ldc_anual.csv,,https://datos.lujandecuyo.gob.ar/recursos/dataset/70/ldc_anual.csv,datasets/70-compras-y-contrataciones/archivos/ldc_anual.csv,50634,200,b87ea98a8bb6169d876910c5b4652421be8ffc84b2b2d20b5cdff742ef33e460
70,compras-y-contrataciones,Compras y Contrataciones,Gobierno Municipal,Secretaría de Hacienda,compras_licitaciones.csv,,https://datos.lujandecuyo.gob.ar/recursos/dataset/70/compras_licitaciones.csv,datasets/70-compras-y-contrataciones/archivos/compras_licitaciones.csv,45931,200,135977924cfbd3ea0fe87cc0f004b99ed7720f8f1c0fdb396a0aebe023e4139d
70,compras-y-contrataciones,Compras y Contrataciones,Gobierno Municipal,Secretaría de Hacienda,award_muni.xlsx,,https://datos.lujandecuyo.gob.ar/recursos/dataset/70/award_muni.xlsx,datasets/70-compras-y-contrataciones/archivos/award_muni.xlsx,561536,200,120de535ede4184c100627e56a67eb3c733a148b27765f32e7447b21b366239e
70,compras-y-contrataciones,Compras y Contrataciones,Gobierno Municipal,Secretaría de Hacienda,compras_licitaciones.xlsx,,https://datos.lujandecuyo.gob.ar/recursos/dataset/70/compras_licitaciones.xlsx,datasets/70-compras-y-contrataciones/archivos/compras_licitaciones.xlsx,266940,200,7b02a18883ccc4602bb7ec87833ce2a217b0ad72314f46a2cc4076fd01a9ac67
70,compras-y-contrataciones,Compras y Contrataciones,Gobierno Municipal,Secretaría de Hacienda,ldc.json,,https://datos.lujandecuyo.gob.ar/recursos/dataset/70/ldc.json,datasets/70-compras-y-contrataciones/archivos/ldc.json,589540,200,82acd28cda8f7b7c1f60dd42d798abb09f387739c51921ceb5057fd312aead8c
70,compras-y-contrataciones,Compras y Contrataciones,Gobierno Municipal,Secretaría de Hacienda,contracts_muni.xlsx,,https://datos.lujandecuyo.gob.ar/recursos/dataset/70/contracts_muni.xlsx,datasets/70-compras-y-contrataciones/archivos/contracts_muni.xlsx,484708,200,33d0f250194101a34889bcc1e124c4acd79221292647a10e15ec795e33a622c3
70,compras-y-contrataciones,Compras y Contrataciones,Gobierno Municipal,Secretaría de Hacienda,tender_muni.csv,,https://datos.lujandecuyo.gob.ar/recursos/dataset/70/tender_muni.csv,datasets/70-compras-y-contrataciones/archivos/tender_muni.csv,1673563,200,559ee045bc9312ae5572673b95cad998e064c7043cd824e848b538a0ab94a9fe
70,compras-y-contrataciones,Compras y Contrataciones,Gobierno Municipal,Secretaría de Hacienda,parties_muni.xlsx,,https://datos.lujandecuyo.gob.ar/recursos/dataset/70/parties_muni.xlsx,datasets/70-compras-y-contrataciones/archivos/parties_muni.xlsx,300888,200,44798255fd7ffdc576b3da636f85cadc84c9ad8eb0ee749d7a96697558ea17bc
70,compras-y-contrataciones,Compras y Contrataciones,Gobierno Municipal,Secretaría de Hacienda,parties_muni.csv,,https://datos.lujandecuyo.gob.ar/recursos/dataset/70/parties_muni.csv,datasets/70-compras-y-contrataciones/archivos/parties_muni.csv,1021847,200,d422f97dd8f39b853ad8829fb75dcf6f0d7ddbb5f88f058e7e0119070599a6dd
70,compras-y-contrataciones,Compras y Contrataciones,Gobierno Municipal,Secretaría de Hacienda,contracts_muni.csv,,https://datos.lujandecuyo.gob.ar/recursos/dataset/70/contracts_muni.csv,datasets/70-compras-y-contrataciones/archivos/contracts_muni.csv,916145,200,ab4e1de3a1da81fe9ed84836bdb2d4c7b46cd193b813b428752518f2ce068d9f
70,compras-y-contrataciones,Compras y Contrataciones,Gobierno Municipal,Secretaría de Hacienda,metadata_ocds.xlsx,,https://datos.lujandecuyo.gob.ar/recursos/dataset/70/metadata_ocds.xlsx,datasets/70-compras-y-contrataciones/archivos/metadata_ocds.xlsx,24702,200,ff9428fcb67818030d4c53a316e983be133931d62a7b544df0e9a38b497713c3
70,compras-y-contrataciones,Compras y Contrataciones,Gobierno Municipal,Secretaría de Hacienda,licitaciones.xlsx,,https://datos.lujandecuyo.gob.ar/recursos/dataset/70/licitaciones.xlsx,datasets/70-compras-y-contrataciones/archivos/licitaciones.xlsx,640414,200,86823ab906ecb7496691ffaecc8db2b7fac9502369dc9544958aa6cf7eff79a3
70,compras-y-contrataciones,Compras y Contrataciones,Gobierno Municipal,Secretaría de Hacienda,planilla-de-compras-2024.csv,,https://datos.lujandecuyo.gob.ar/recursos/dataset/70/planilla-de-compras-2024.csv,datasets/70-compras-y-contrataciones/archivos/planilla-de-compras-2024.csv,170087,200,d77d3d229aef28143b25232aeff11738ee08223fe224c900c9a10a43f590e8e9
70,compras-y-contrataciones,Compras y Contrataciones,Gobierno Municipal,Secretaría de Hacienda,tender_muni.xlsx,,https://datos.lujandecuyo.gob.ar/recursos/dataset/70/tender_muni.xlsx,datasets/70-compras-y-contrataciones/archivos/tender_muni.xlsx,790605,200,e90d81843434476379a760b49b42bdd477098876e7fd33556ae96dfcddb7229d
70,compras-y-contrataciones,Compras y Contrataciones,Gobierno Municipal,Secretaría de Hacienda,compras_2024.xlsx,,https://datos.lujandecuyo.gob.ar/recursos/dataset/70/compras_2024.xlsx,datasets/70-compras-y-contrataciones/archivos/compras_2024.xlsx,101298,200,93a5ff1774dcae367ca163beeff12b395c95c9f1e917b1455d736ff631a71a9b
70,compras-y-contrataciones,Compras y Contrataciones,Gobierno Municipal,Secretaría de Hacienda,compras_2024.csv,,https://datos.lujandecuyo.gob.ar/recursos/dataset/70/compras_2024.csv,datasets/70-compras-y-contrataciones/archivos/compras_2024.csv,68401,200,a2fdc1d53e306c9afa81db7ef8bedbaef614c9bae221f10f0eedf2110bf62163
70,compras-y-contrataciones,Compras y Contrataciones,Gobierno Municipal,Secretaría de Hacienda,licitaciones.csv,,https://datos.lujandecuyo.gob.ar/recursos/dataset/70/licitaciones.csv,datasets/70-compras-y-contrataciones/archivos/licitaciones.csv,841921,200,d39db8289131796289627abd21cc1bae07b37a878d04a338b4f9c04f8b113b6e
70,compras-y-contrataciones,Compras y Contrataciones,Gobierno Municipal,Secretaría de Hacienda,planilla-de-compras-2024.xlsx,,https://datos.lujandecuyo.gob.ar/recursos/dataset/70/planilla-de-compras-2024.xlsx,datasets/70-compras-y-contrataciones/archivos/planilla-de-compras-2024.xlsx,232409,200,6768037d41b7418424e00151957ef1394c78a7100d0be0e1d7a6311c23ae42e5
70,compras-y-contrataciones,Compras y Contrataciones,Gobierno Municipal,Secretaría de Hacienda,1752763404301-licitaciones_2025_compra_directa.xlsx,,https://datos.lujandecuyo.gob.ar/recursos/dataset/70/1752763404301-licitaciones_2025_compra_directa.xlsx,datasets/70-compras-y-contrataciones/archivos/licitaciones_2025_compra_directa.xlsx,64188,200,fb0fafa90ab3f27f9389cddf250d9817e508e3f316134561bb7fd13f35f4551d
70,compras-y-contrataciones,Compras y Contrataciones,Gobierno Municipal,Secretaría de Hacienda,1752763404305-licitaciones_2025_licitacion_privada.xlsx,,https://datos.lujandecuyo.gob.ar/recursos/dataset/70/1752763404305-licitaciones_2025_licitacion_privada.xlsx,datasets/70-compras-y-contrataciones/archivos/licitaciones_2025_licitacion_privada.xlsx,15476,200,e1181687130aa3f75e05a085d18c8a8ed04977fa434be9024e7db3e1aa5caec7
70,compras-y-contrataciones,Compras y Contrataciones,Gobierno Municipal,Secretaría de Hacienda,1752763533761-licitaciones_2025_licitacion_publica.xlsx,,https://datos.lujandecuyo.gob.ar/recursos/dataset/70/1752763533761-licitaciones_2025_licitacion_publica.xlsx,datasets/70-compras-y-contrataciones/archivos/licitaciones_2025_licitacion_publica.xlsx,226271,200,ebd40062d746c273436a8d8ea81a09d1a6b1b2a5c2e92741b1938287bfa7b378
71,energa,Energía,Medio Ambiente y Desarrollo Sustentable,Secretaría de Higiene Urbana y Mantenimiento del Espacio Público,luminaria_ev.xlsx,,https://datos.lujandecuyo.gob.ar/recursos/dataset/71/luminaria_ev.xlsx,datasets/71-energa/archivos/luminaria_ev.xlsx,18888,200,59a99a65af4869a5eae08afe407fec0f5be10050472de5ef02bda289059cfd42
71,energa,Energía,Medio Ambiente y Desarrollo Sustentable,Secretaría de Higiene Urbana y Mantenimiento del Espacio Público,1752662843577-Luminarias LED- Luminarias.csv,,https://datos.lujandecuyo.gob.ar/recursos/dataset/71/1752662843577-Luminarias LED- Luminarias.csv,datasets/71-energa/archivos/Luminarias LED- Luminarias.csv,90551,200,9e8da205a9ae4ddab0a3d8a2296a37bb2c0ffe771193ab4255df534787baf97b
72,estadsticas-de-gnero,Estadísticas de Género,Desarrollo Humano,Dirección de Género y Diversidad,primersemestre2024_estadisticas.xlsx,,https://datos.lujandecuyo.gob.ar/recursos/dataset/72/primersemestre2024_estadisticas.xlsx,datasets/72-estadsticas-de-gnero/archivos/primersemestre2024_estadisticas.xlsx,540900,200,dc6757d393dc3767f5e1824a8616a9cb38c98eefcdbf4e58695087046691b0c1
72,estadsticas-de-gnero,Estadísticas de Género,Desarrollo Humano,Dirección de Género y Diversidad,direccion-de-generoestadistica-2021.xlsx,,https://datos.lujandecuyo.gob.ar/recursos/dataset/72/direccion-de-generoestadistica-2021.xlsx,datasets/72-estadsticas-de-gnero/archivos/direccion-de-generoestadistica-2021.xlsx,704420,200,b72323ec5161ea2a04ab949fb731f8729fd285ad48cde8646250940b3aecef92
72,estadsticas-de-gnero,Estadísticas de Género,Desarrollo Humano,Dirección de Género y Diversidad,salud-reproductiva-2022.xlsx,,https://datos.lujandecuyo.gob.ar/recursos/dataset/72/salud-reproductiva-2022.xlsx,datasets/72-estadsticas-de-gnero/archivos/salud-reproductiva-2022.xlsx,70483,200,e8e281824d1fc06271747b2ed063bd9ff526fb9f467aaa4e4170f1c42cc5449c
72,estadsticas-de-gnero,Estadísticas de Género,Desarrollo Humano,Dirección de Género y Diversidad,estadisticas2022-copia.xlsx,,https://datos.lujandecuyo.gob.ar/recursos/dataset/72/estadisticas2022-copia.xlsx,datasets/72-estadsticas-de-gnero/archivos/estadisticas2022-copia.xlsx,570354,200,6ff83f8d0c910f9c446c4f634907a61f5fd32cace256d26f3d1dd3db6f026d22
72,estadsticas-de-gnero,Estadísticas de Género,Desarrollo Humano,Dirección de Género y Diversidad,est_1_sem23-copia.xlsx,,https://datos.lujandecuyo.gob.ar/recursos/dataset/72/est_1_sem23-copia.xlsx,datasets/72-estadsticas-de-gnero/archivos/est_1_sem23-copia.xlsx,688000,200,28227ef2a1fca9be2a6efa980d6922f39467b05ad35a8e61b6255cfd740312ae
72,estadsticas-de-gnero,Estadísticas de Género,Desarrollo Humano,Dirección de Género y Diversidad,info-para-lujan.doc,,https://datos.lujandecuyo.gob.ar/recursos/dataset/72/info-para-lujan.doc,datasets/72-estadsticas-de-gnero/archivos/info-para-lujan.doc,332800,200,c40d04c27f6ea09891c75e5598c69c95c9cdd1d53be6f3854ad2fa0cef21b169
72,estadsticas-de-gnero,Estadísticas de Género,Desarrollo Humano,Dirección de Género y Diversidad,1752505023161-Estadísticas 2025.xlsx,,https://datos.lujandecuyo.gob.ar/recursos/dataset/72/1752505023161-Estadísticas 2025.xlsx,datasets/72-estadsticas-de-gnero/archivos/Estadísticas 2025.xlsx,790894,200,a3fcd4c0d28d63eb658e6cdbe02936fcbc273ff5bddd7715d33d84acf6fb6e46
73,estructura-hcd,Estructura HCD,Honorable Concejo Deliberante Luján de Cuyo,Honorable Concejo Deliberante de Luján de Cuyo,organigrama-hcd.pdf,,https://datos.lujandecuyo.gob.ar/recursos/dataset/73/organigrama-hcd.pdf,datasets/73-estructura-hcd/archivos/organigrama-hcd.pdf,2997183,200,8085005f4141eee4a9018708a7c902176288b680b40e62c50b355a8aefdda367
74,obras-pblicas,Obras Públicas,Movilidad,Secretaría de Obras y Espacio Público,,,https://datos.lujandecuyo.gob.ar/recursos/dataset/74/,,0,403,
74,obras-pblicas,Obras Públicas,Movilidad,Secretaría de Obras y Espacio Público,listado-obras-optyv1.xlsx,,https://datos.lujandecuyo.gob.ar/recursos/dataset/74/listado-obras-optyv1.xlsx,datasets/74-obras-pblicas/archivos/listado-obras-optyv1.xlsx,1112635,200,798bae269f5654d852e729937c339fdea79ae4ebac26b23e7430d1a8044441d6
74,obras-pblicas,Obras Públicas,Movilidad,Secretaría de Obras y Espacio Público,listado-obras-opty_v2.xlsx,,https://datos.lujandecuyo.gob.ar/recursos/dataset/74/listado-obras-opty_v2.xlsx,datasets/74-obras-pblicas/archivos/listado-obras-opty_v2.xlsx,1117407,200,01e6c7e031afafc0e12de3b647209c8ceb422b9c199fb6cef994b57c10c33be9
74,obras-pblicas,Obras Públicas,Movilidad,Secretaría de Obras y Espacio Público,1752673914586-Obras Publicas_2025.xlsx,,https://datos.lujandecuyo.gob.ar/recursos/dataset/74/1752673914586-Obras Publicas_2025.xlsx,datasets/74-obras-pblicas/archivos/Obras Publicas_2025.xlsx,34632,200,f41a070597c293453dbf74c43c188e5bf5b1ef27030c4f33c5ace952d5fb22a6
75,centros-de-salud,Centros de Salud,"Deporte, Educación y Salud",Secretaría de Desarrollo Humano,centros-de-salud-de-lujan-de-cuyo.kml,,https://datos.lujandecuyo.gob.ar/recursos/dataset/75/centros-de-salud-de-lujan-de-cuyo.kml,datasets/75-centros-de-salud/archivos/centros-de-salud-de-lujan-de-cuyo.kml,427,200,b06e572339f30f5fe7189bfe219b178d21a0edf6af5671cfb8aa6442e82eb04a
75,centros-de-salud,Centros de Salud,"Deporte, Educación y Salud",Secretaría de Desarrollo Humano,centros-de-salud.xlsx,,https://datos.lujandecuyo.gob.ar/recursos/dataset/75/centros-de-salud.xlsx,datasets/75-centros-de-salud/archivos/centros-de-salud.xlsx,4853,200,6d3c0212528d10656860fd4e169f98361865df1a69786c7ad4e1ab81a412d539
75,centros-de-salud,Centros de Salud,"Deporte, Educación y Salud",Secretaría de Desarrollo Humano,1752591786735-centros-de-salud_2025.xlsx,,https://datos.lujandecuyo.gob.ar/recursos/dataset/75/1752591786735-centros-de-salud_2025.xlsx,datasets/75-centros-de-salud/archivos/centros-de-salud_2025.xlsx,4853,200,6d3c0212528d10656860fd4e169f98361865df1a69786c7ad4e1ab81a412d539
